index,Cross Entropy,Accuracy
0.997318,0.023872
0.352321,2.55935
0.335156,5.07221
0.325927,7.59777
0.319547,10.129
0.314723,12.6518
0.310773,15.1797
0.307384,17.6988
0.304455,20.2144
0.301902,22.7387
0.299606,25.2588
0.297499,27.7733
0.295569,30.291
0.293756,32.8093
0.292069,35.3183
0.290475,37.8438
0.28896,40.3714
0.287526,42.8795
0.286161,45.3934
0.284852,47.9068
0.283614,50.4293
0.282434,52.941
0.281281,55.4604
0.280162,57.9748
0.27908,60.4865
